time_s,state,target_id,ee_x_m,ee_y_m,ee_z_m,target_error_m,q_1_rad,q_2_rad,q_3_rad,q_4_rad,q_5_rad,q_6_rad
0.0,idle,,-0.10812019549473453,0.4703539900149672,0.47158932478917637,0.7776121872503301,-1.61268,-1.61268,1.63364,-1.50796,-1.63364,-0.04086082329377185
0.1,idle,,-0.01305902803736464,0.33997427761278753,0.39582772209531303,0.6197193900621021,-1.8220800000000004,-1.8220800000000001,1.947839999999999,-1.1937599999999997,-1.9478399999999991,-0.19421141653562932
0.2,idle,,0.04020671916156178,0.2667786062849945,0.47267474373993945,0.528472919081063,-2.0314799999999993,-2.031479999999999,1.9090002414268938,-1.0315122801712966,-2.110822678226019,-0.3834451775512615
0.3,idle,,0.07564844816825356,0.21160313163544234,0.45840090824307733,0.4644836683385707,-2.2408799999999998,-2.2408799999999993,2.1035820041066566,-1.2979371136082178,-2.237940561393804,-0.6431424005246565
0.4,idle,,0.1360750836671166,0.2114485180347152,0.45866098254514465,0.4215311970890203,-2.4502800000000002,-2.2126272485230483,2.1298203299101046,-1.531034922475381,-2.1877158223397095,-0.8363857639925227
0.5,idle,,0.2408617988647398,0.2099841837701975,0.43831287480784226,0.35821401171493794,-2.6596799999999994,-2.0106105649008645,2.0871916136426636,-1.6580833005722637,-2.2088620290815246,-1.0250585818896654
0.6,idle,,0.327847476729974,0.17869483434504868,0.4594942002898484,0.293688675428234,-2.86908,-1.8801934414430086,1.9418843007261515,-1.6558846084944179,-2.096015896931974,-1.2619310752138646
0.7,idle,,0.39845723352960316,0.11442729485044978,0.44808676350943333,0.2155152338883463,-3.07848,-1.7738906395748995,1.8836238258752571,-1.691359227120205,-2.036795043815062,-1.4736892492609825
0.8,idle,,0.43404835091865085,0.039700849965251375,0.45254871809903097,0.14042855695511353,-3.2878799999999995,-1.7315874298089982,1.8248618881363075,-1.6786302412052554,-1.8907645150119585,-1.7057171162941203
0.9,idle,,0.439978645236898,-0.037592797649863924,0.45140848137261236,0.06554226873132829,-3.497279999999999,-1.7262928715921673,1.8120166170831917,-1.6645543283938717,-1.7317291253263818,-1.9222862332089228
1.0,idle,,0.4200388887786869,-0.09982726443451842,0.45011082833699273,0.00020888473608804924,-3.6903090150682285,-1.7612161938838438,1.8384907431716213,-1.648612896460767,-1.571626121906362,-2.1187842532159786
1.1,idle,,0.42000635725435487,-0.09999141808818686,0.4500008101483153,1.0710753175852211e-05,-3.6908872474185093,-1.7611199980126584,1.8385554151073078,-1.6482254283051152,-1.5708229225842518,-2.1200379195301644
1.2,pick,a-large-1,0.39090525708626755,-0.19995122190437584,0.26696497522003826,0.21766249525705877,-3.9002872474185093,-1.5517199980126584,2.0975724044584965,-1.915528554924085,-1.6727592550798547,-2.329851012849204
1.3,pick,a-large-1,0.41544156654788755,-0.2718984796362346,0.20448279576085893,0.10765102454731798,-4.003399296709749,-1.3423199980126583,2.0835662295294965,-2.229728554924085,-1.527740213258499,-2.4296877628444338
1.4,pick,a-large-1,0.46662691992136945,-0.28033339131823265,0.1435922950833237,0.020198843499449365,-3.9327346884162186,-1.1329199980126585,2.0197182546509294,-2.45265209120392,-1.5631859561520494,-2.361509720148181
1.5,lift,a-large-1,0.5326874787121324,-0.3225736973531491,0.3317955511243583,0.048637193359744216,-3.902447934172612,-1.2585599980126587,1.7494132114360497,-2.4790553913240876,-1.573925857540276,-2.3319994584923847
1.6,lift,a-large-1,0.5037729422155943,-0.30406952720213887,0.3630886194045883,0.01748494356162204,-3.91482823296979,-1.364162908556144,1.731765212956222,-2.1648553913240876,-1.5682591028650499,-2.343618755707741
1.7,reject,a-large-1,0.47513083087047886,-0.1688438971126896,0.3295718369545411,0.7380020832165861,-3.791074691265189,-1.5019861879268075,1.8915212056572093,-1.8506553913240875,-1.380856649764242,-2.250312520388758
1.8,reject,a-large-1,0.37414123104102803,0.02532963855559918,0.27177961225534203,0.5295139264042849,-3.5816746912651913,-1.7113861879268086,2.2057212056572104,-1.5364553913240875,-1.0666566497642425,-2.0976704192193742
1.9,reject,a-large-1,0.30590873744454583,0.12691967703089158,0.27075495514835946,0.4203803835642548,-3.3722746912651917,-1.920786187926809,2.40476272820515,-1.7153399307129351,-0.933516890197415,-1.8814718937582116
2.0,reject,a-large-1,0.26093746056755696,0.1813502191693574,0.3462068263854675,0.35881794771807596,-3.162874691265192,-2.130186187926809,2.374357276512317,-1.8410652833704235,-1.0138221410783066,-1.5672718937582113
2.1,reject,a-large-1,0.2845060435507709,0.24399727468407256,0.34378597188358245,0.2963821389305647,-2.953474691265193,-1.920786187926809,2.2815352027990516,-1.9808849139633142,-1.0182331029141372,-1.3839537477471398
2.2,reject,a-large-1,0.3117314302283911,0.3207124447601291,0.35914776108003,0.22404281043221277,-2.744074691265192,-1.7113861879268093,2.0727781307171305,-1.982465627394928,-1.148080365715144,-1.1881022839487667
2.3,reject,a-large-1,0.31622811382230376,0.4177072678832721,0.35182777682221944,0.13127241576469095,-2.5346746912651925,-1.5019861879268097,1.8778687803901863,-1.990875888177093,-1.2791627133899137,-0.9700856757154703
2.4,reject,a-large-1,0.29142436120251525,0.5172245072252734,0.3412343113690304,0.03129296803793441,-2.325274691265193,-1.3152712114500453,1.6639009163656573,-1.9257218111018293,-1.4916001657742104,-0.7567551153413543
2.5,return,,0.2971918769720142,0.3910808139394322,0.319748879352983,0.5226926011824502,-2.450914691265193,-1.465160462586652,1.8423271515187452,-1.6665084773136776,-1.7913639308696032,-0.8500509231894379
2.6,return,,0.33684847947853863,0.2695917349615115,0.42270176053688663,0.3798123481334917,-2.6603146912651927,-1.674560462586652,1.8227829181478628,-1.507425538561683,-2.1055639308696033,-1.0430384040713636
2.7,return,,0.32995227544763456,0.17835338932313222,0.452408641300964,0.29256623796612385,-2.8697146912651927,-1.8747643345306595,1.9583342796051988,-1.681523300188561,-2.1036984065344946,-1.3284911712994292
2.8,return,,0.39859058558060134,0.11537429890388519,0.4513636176038043,0.21644008664545264,-3.0791146912651923,-1.7748411295342477,1.8748071325403575,-1.6829903414350331,-2.023476569965304,-1.4751859735803885
2.9,return,,0.43416153051772166,0.03936820263931172,0.4523242306587077,0.1401051280348849,-3.288514691265192,-1.731234046620769,1.825096071603903,-1.6788857214644592,-1.891224326806259,-1.7060394005668718
3.0,return,,0.43994996649194124,-0.03781555347295827,0.4514054933012875,0.06532137448281423,-3.4979146912651915,-1.7263482693019907,1.8120440856484799,-1.6645071803779952,-1.7312095436283916,-1.9229401268343342
3.1,pick,a-large-2,0.4249857542977484,-0.06642197381957592,0.39739152819552126,0.3354302245577333,-3.6235546912651913,-1.713154200804548,1.8960717304727048,-1.5884462678484292,-1.5294531185838984,-2.0305169880011986
3.2,pick,a-large-2,0.4489960229773917,0.03375637447653178,0.24564709804940402,0.18387527062104245,-3.4141546912651917,-1.5037542008045481,2.101130909766997,-1.9026462678484286,-1.3757635910871815,-1.8570229205586881
3.3,pick,a-large-2,0.5069509700733236,0.10613742618093752,0.20235569182026875,0.10361053609741122,-3.204754691265192,-1.2943542008045479,2.0247169796407234,-2.216846267848429,-1.5315407243733132,-1.6245017574895173
3.4,pick,a-large-2,0.5602627643202739,0.14295536699010428,0.14882905933194207,0.02757272853264162,-3.1273768381413825,-1.084954200804548,1.9165731291782733,-2.399425139162194,-1.5610301860745397,-1.5557287356974592
3.5,lift,a-large-2,0.6380873361578517,0.1678310868940291,0.2929412932861693,0.08751645490231522,-3.088549847917716,-1.1365076447261475,1.670258144966393,-2.481501974241911,-1.5731466398282403,-1.5173131077975162
3.6,lift,a-large-2,0.6075265066705517,0.16059327407280696,0.3623315231427836,0.018808096600534945,-3.0986442153680156,-1.2740117995739901,1.6242109412142707,-2.167301974241911,-1.5671874156264998,-1.5272719464140931
3.7,reject,a-large-2,0.5235028063382385,0.21269283925803104,0.34765559712158983,0.41406793942735975,-3.018271226403068,-1.3800804782180032,1.7138744805793946,-1.8531019742419113,-1.4436343672448537,-1.4189029940217806
3.8,reject,a-large-2,0.3600046802688036,0.3113774458731434,0.33102916753766476,0.24586498441389398,-2.8088712264030686,-1.5894804782180032,2.002329127779976,-1.8872894883753706,-1.1294343672448537,-1.2056602989089877
3.9,reject,a-large-2,0.3443462815503776,0.4036588591639707,0.3427401099318957,0.1553183326825165,-2.599471226403069,-1.4763550300181991,1.8712352706431967,-1.979949976624961,-1.2226703664321916,-1.0449780298627558
4.0,reject,a-large-2,0.3094688760311803,0.4932278377622321,0.3417257457248214,0.0612242234239643,-2.3900712264030695,-1.345523181648569,1.704071331645169,-1.9380889432970478,-1.4193465057004917,-0.8232619486818888
4.1,return,,0.28384960201278264,0.462804150263182,0.31895551351993756,0.5936818170218483,-2.3481912264030695,-1.374243749144406,1.7572540083129438,-1.7891154235763342,-1.6879588671997692,-0.7694892681586256
4.2,return,,0.3230922131306387,0.32403610375311875,0.39193728183768484,0.43882686299090634,-2.5575912264030696,-1.583643749144406,1.7904434396732658,-1.4890696821763083,-2.002158867199769,-0.9218896240879277
4.3,return,,0.33408250059219785,0.2204521315356531,0.45386011249913744,0.33179253424201577,-2.7669912264030696,-1.7930437491444062,1.8741306252869008,-1.5905935614865,-2.1068738990707017,-1.1983899466693892
4.4,return,,0.37156599648492034,0.14724101413992552,0.44620583361871513,0.251968981162298,-2.9763912264030696,-1.8066041400290291,1.9188590831109436,-1.6886127393974293,-2.092872053865347,-1.3593562274528106
4.5,return,,0.4192637396434998,0.07827344279678908,0.4539768271738613,0.17831931370522752,-3.18579122640307,-1.7521194952522194,1.8444359529327103,-1.6816826518793087,-1.9528013616237834,-1.600637463258503
4.6,return,,0.4410565476425996,-0.0006681273643881804,0.45186710604967395,0.10155631543593538,-3.3951912264030697,-1.7228086517330956,1.8128779834885507,-1.6718785146642114,-1.8130643073451085,-1.8166020592438656
4.7,return,,0.4315501525266999,-0.07370884804183392,0.4508022575682633,0.028727587992785773,-3.6045912264030693,-1.741308858399471,1.8223606824966665,-1.6562718961128369,-1.642899240397746,-2.0318630448376647
4.8,pick,a-large-3,0.4049084837472933,-0.014278469577748532,0.30340465689392165,0.4629304983719938,-3.56271122640307,-1.6355434663020256,2.026742688071027,-1.4608039609780266,-1.3848452749884936,-1.9278832879472918
4.9,pick,a-large-3,0.3459914831390898,0.11174412812570743,0.192455875407918,0.34599810578423806,-3.35331122640307,-1.589937930718452,2.340942688071027,-1.7481139629040752,-1.0706452749884934,-1.8098935713635333
5.0,pick,a-large-3,0.40671561511012455,0.18440208568467614,0.17329445266680366,0.28938472553811206,-3.14391122640307,-1.380537930718452,2.2215654922801704,-2.062313962904075,-1.0316007209353073,-1.6736406321516044
5.1,pick,a-large-3,0.45568082257170595,0.27731697224775814,0.15083709315573687,0.22276151284300913,-2.93451122640307,-1.1711379307184517,2.064136440423283,-2.3765139629040752,-1.1185125477857913,-1.4023783652835393
5.2,pick,a-large-3,0.4798118404942898,0.3932783006486573,0.13109736505046066,0.14141561210712417,-2.7251112264030706,-0.9838018441117508,1.8259385035892794,-2.4286961672910325,-1.2497650440487311,-1.1706911277418584
5.3,pick,a-large-3,0.4563058510969598,0.5107085799118375,0.12928081670322342,0.05050432941737268,-2.515711226403071,-0.8683771965348115,1.5926353114823044,-2.3032357993593697,-1.444532053044632,-0.9501154459416116
5.4,lift,a-large-3,0.4722112174917849,0.5877136062847745,0.31205005333464747,0.06812112749603394,-2.4263197937140863,-0.9524407355907777,1.3222020635985707,-2.321992593973154,-1.5709339329639087,-0.8544472826607072
5.5,lift,a-large-3,0.440293396014682,0.5492114197426274,0.36704517675685133,0.01499475419286237,-2.438631772701639,-1.09810455275163,1.3434861005680023,-2.007792593973154,-1.567096422092119,-0.8673995988843256
5.6,return,,0.2799330884118561,0.5415800978607056,0.3429578843417308,0.01048389404878798,-2.2724086831303185,-1.2702196035428606,1.587235179723148,-1.8490107719766395,-1.5533023216633284,-0.7037348138444571
5.7,return,,0.3124764075961581,0.3749965795206587,0.3483863548557779,0.49750216719050466,-2.481808683130318,-1.4796196035428604,1.7767662170877094,-1.5348107719766395,-1.8675023216633282,-0.8536623849161022
5.8,return,,0.34457560595264536,0.25712476833905523,0.43774311071063615,0.3652083935422161,-2.6912086831303177,-1.6890196035428606,1.8052816595297219,-1.5047924032673,-2.1236682399603004,-1.0794230593782765
5.9,return,,0.3484507262438793,0.1692210046307861,0.4437651751283221,0.27863618026131953,-2.9006086831303177,-1.8350383617270762,1.9500963705257928,-1.69010643527252,-2.1273877903876293,-1.3106480493522632
6.0,return,,0.4029735358631703,0.10615251969884165,0.45596151687572023,0.20694033329112899,-3.1100086831303173,-1.7755376071506228,1.8624834522861464,-1.6800556696704663,-1.9891515808204636,-1.5235771095952837
6.1,return,,0.43726466956173904,0.027590556848048522,0.4519906873036719,0.1287687145536995,-3.319408683130317,-1.726690708559869,1.8200981170824486,-1.6766951633072456,-1.8702613127593373,-1.7367766287401902
6.2,return,,0.4382495850353157,-0.048546227314256084,0.4512389903700539,0.05460836176534242,-3.5288086831303165,-1.7294912700814642,1.813862626079068,-1.6621756699317642,-1.7058438564568892,-1.9546341129755325
6.3,idle,,0.4200089730305197,-0.09998622013433679,0.4499994767985099,1.6452164423057697e-05,-3.690863301910766,-1.7611183272480389,1.8385634433835545,-1.648258354844534,-1.5708632115233523,-2.119970794383538
6.4,idle,,0.42000635725006363,-0.0999914180947457,0.4500008101529285,1.0710745722554085e-05,-3.6908872474509784,-1.7611199980142767,1.8385554150849197,-1.6482254282347186,-1.5708229225293344,-2.120037919621008
6.5,idle,,0.4200063572502842,-0.09999141809462228,0.4500008101535603,1.071074600013322e-05,-3.690887247451128,-1.7611199980128456,1.8385554150806855,-1.6482254282261288,-1.5708229225265145,-2.1200379196242656
6.6,idle,,0.42000635725028423,-0.09999141809462228,0.45000081015355997,1.0710746000140975e-05,-3.690887247451128,-1.7611199980128451,1.8385554150806853,-1.648225428226129,-1.5708229225265147,-2.1200379196242656
6.7,idle,,0.42000635725028423,-0.09999141809462221,0.4500008101535602,1.0710746000213367e-05,-3.690887247451128,-1.7611199980128454,1.8385554150806855,-1.6482254282261286,-1.5708229225265145,-2.1200379196242656
6.8,idle,,0.4200063572502843,-0.09999141809462202,0.4500008101535602,1.0710746000401988e-05,-3.6908872474511276,-1.7611199980128454,1.8385554150806855,-1.648225428226129,-1.5708229225265145,-2.1200379196242656
6.9,idle,,0.4200063572502841,-0.09999141809462223,0.4500008101535602,1.0710746000136352e-05,-3.690887247451128,-1.7611199980128454,1.8385554150806855,-1.6482254282261284,-1.5708229225265147,-2.120037919624266
7.0,idle,,0.42000635725028423,-0.09999141809462228,0.4500008101535603,1.0710746000166167e-05,-3.690887247451128,-1.7611199980128454,1.8385554150806855,-1.648225428226129,-1.5708229225265147,-2.120037919624266
7.1,idle,,0.4200063572502843,-0.09999141809462207,0.4500008101535602,1.071074600035751e-05,-3.6908872474511276,-1.7611199980128454,1.8385554150806855,-1.6482254282261288,-1.570822922526515,-2.120037919624265
7.2,idle,,0.420006357250284,-0.09999141809462234,0.45000081015355986,1.0710745999956306e-05,-3.6908872474511285,-1.7611199980128458,1.8385554150806864,-1.6482254282261293,-1.5708229225265147,-2.120037919624266
7.3,idle,,0.4200063572502842,-0.09999141809462227,0.4500008101535603,1.071074600014434e-05,-3.690887247451128,-1.7611199980128456,1.8385554150806855,-1.6482254282261286,-1.5708229225265147,-2.1200379196242656
7.4,idle,,0.4200063572502842,-0.09999141809462223,0.45000081015355997,1.0710746000152505e-05,-3.690887247451128,-1.7611199980128454,1.838555415080686,-1.6482254282261288,-1.5708229225265147,-2.1200379196242656
7.5,idle,,0.42000635725028407,-0.09999141809462236,0.4500008101535603,1.0710746000000606e-05,-3.6908872474511285,-1.7611199980128458,1.838555415080686,-1.6482254282261293,-1.5708229225265147,-2.120037919624266
7.6,idle,,0.4200063572502842,-0.0999914180946222,0.4500008101535601,1.0710746000183142e-05,-3.690887247451128,-1.7611199980128456,1.838555415080686,-1.648225428226129,-1.5708229225265145,-2.120037919624266
7.7,idle,,0.42000635725028423,-0.09999141809462227,0.4500008101535601,1.0710746000160492e-05,-3.690887247451128,-1.7611199980128456,1.8385554150806862,-1.6482254282261295,-1.570822922526515,-2.1200379196242656
7.8,idle,,0.4200063572502842,-0.09999141809462234,0.4500008101535603,1.0710746000088742e-05,-3.690887247451128,-1.7611199980128456,1.8385554150806855,-1.648225428226129,-1.5708229225265147,-2.1200379196242656
7.9,idle,,0.4200063572502841,-0.09999141809462238,0.4500008101535602,1.0710746000014037e-05,-3.6908872474511285,-1.7611199980128456,1.838555415080686,-1.6482254282261288,-1.5708229225265147,-2.1200379196242665
8.0,idle,,0.4200063572502842,-0.09999141809462236,0.4500008101535602,1.0710746000058105e-05,-3.6908872474511285,-1.7611199980128456,1.8385554150806858,-1.648225428226129,-1.5708229225265147,-2.120037919624266
8.1,idle,,0.4200063572502841,-0.09999141809462223,0.4500008101535601,1.0710746000127954e-05,-3.690887247451128,-1.7611199980128456,1.8385554150806858,-1.6482254282261286,-1.5708229225265147,-2.1200379196242656
8.2,idle,,0.4200063572502841,-0.0999914180946223,0.4500008101535602,1.0710746000080754e-05,-3.6908872474511285,-1.7611199980128456,1.8385554150806858,-1.6482254282261286,-1.5708229225265145,-2.120037919624266
8.3,idle,,0.4200063572502842,-0.09999141809462218,0.4500008101535601,1.0710746000194262e-05,-3.690887247451128,-1.7611199980128456,1.8385554150806858,-1.6482254282261288,-1.5708229225265147,-2.120037919624266
8.4,idle,,0.4200063572502843,-0.09999141809462207,0.4500008101535602,1.071074600035751e-05,-3.6908872474511276,-1.7611199980128454,1.8385554150806855,-1.6482254282261288,-1.570822922526515,-2.120037919624265
8.5,idle,,0.420006357250284,-0.09999141809462234,0.45000081015355986,1.0710745999956306e-05,-3.6908872474511285,-1.7611199980128458,1.8385554150806864,-1.6482254282261293,-1.5708229225265147,-2.120037919624266
8.6,idle,,0.4200063572502842,-0.09999141809462227,0.4500008101535603,1.071074600014434e-05,-3.690887247451128,-1.7611199980128456,1.8385554150806855,-1.6482254282261286,-1.5708229225265147,-2.1200379196242656
8.7,idle,,0.4200063572502842,-0.09999141809462223,0.45000081015355997,1.0710746000152505e-05,-3.690887247451128,-1.7611199980128454,1.838555415080686,-1.6482254282261288,-1.5708229225265147,-2.1200379196242656
8.8,idle,,0.42000635725028407,-0.09999141809462236,0.4500008101535603,1.0710746000000606e-05,-3.6908872474511285,-1.7611199980128458,1.838555415080686,-1.6482254282261293,-1.5708229225265147,-2.120037919624266
8.9,idle,,0.4200063572502842,-0.0999914180946222,0.4500008101535601,1.0710746000183142e-05,-3.690887247451128,-1.7611199980128456,1.838555415080686,-1.648225428226129,-1.5708229225265145,-2.120037919624266
9.0,idle,,0.42000635725028423,-0.09999141809462227,0.4500008101535601,1.0710746000160492e-05,-3.690887247451128,-1.7611199980128456,1.8385554150806862,-1.6482254282261295,-1.570822922526515,-2.1200379196242656
9.1,idle,,0.4200063572502842,-0.09999141809462234,0.4500008101535603,1.0710746000088742e-05,-3.690887247451128,-1.7611199980128456,1.8385554150806855,-1.648225428226129,-1.5708229225265147,-2.1200379196242656
9.2,idle,,0.4200063572502841,-0.09999141809462238,0.4500008101535602,1.0710746000014037e-05,-3.6908872474511285,-1.7611199980128456,1.838555415080686,-1.6482254282261288,-1.5708229225265147,-2.1200379196242665
9.3,idle,,0.4200063572502842,-0.09999141809462236,0.4500008101535602,1.0710746000058105e-05,-3.6908872474511285,-1.7611199980128456,1.8385554150806858,-1.648225428226129,-1.5708229225265147,-2.120037919624266
9.4,idle,,0.4200063572502841,-0.09999141809462223,0.4500008101535601,1.0710746000127954e-05,-3.690887247451128,-1.7611199980128456,1.8385554150806858,-1.6482254282261286,-1.5708229225265147,-2.1200379196242656
9.5,idle,,0.4200063572502841,-0.0999914180946223,0.4500008101535602,1.0710746000080754e-05,-3.6908872474511285,-1.7611199980128456,1.8385554150806858,-1.6482254282261286,-1.5708229225265145,-2.120037919624266
9.6,idle,,0.4200063572502842,-0.09999141809462218,0.4500008101535601,1.0710746000194262e-05,-3.690887247451128,-1.7611199980128456,1.8385554150806858,-1.6482254282261288,-1.5708229225265147,-2.120037919624266
9.7,idle,,0.4200063572502843,-0.09999141809462207,0.4500008101535602,1.071074600035751e-05,-3.6908872474511276,-1.7611199980128454,1.8385554150806855,-1.6482254282261288,-1.570822922526515,-2.120037919624265
9.8,idle,,0.420006357250284,-0.09999141809462234,0.45000081015355986,1.0710745999956306e-05,-3.6908872474511285,-1.7611199980128458,1.8385554150806864,-1.6482254282261293,-1.5708229225265147,-2.120037919624266
9.9,idle,,0.4200063572502842,-0.09999141809462227,0.4500008101535603,1.071074600014434e-05,-3.690887247451128,-1.7611199980128456,1.8385554150806855,-1.6482254282261286,-1.5708229225265147,-2.1200379196242656
10.0,idle,,0.4200063572502842,-0.09999141809462223,0.45000081015355997,1.0710746000152505e-05,-3.690887247451128,-1.7611199980128454,1.838555415080686,-1.6482254282261288,-1.5708229225265147,-2.1200379196242656
10.1,idle,,0.42000635725028407,-0.09999141809462236,0.4500008101535603,1.0710746000000606e-05,-3.6908872474511285,-1.7611199980128458,1.838555415080686,-1.6482254282261293,-1.5708229225265147,-2.120037919624266
10.2,idle,,0.4200063572502842,-0.0999914180946222,0.4500008101535601,1.0710746000183142e-05,-3.690887247451128,-1.7611199980128456,1.838555415080686,-1.648225428226129,-1.5708229225265145,-2.120037919624266
10.3,idle,,0.42000635725028423,-0.09999141809462227,0.4500008101535601,1.0710746000160492e-05,-3.690887247451128,-1.7611199980128456,1.8385554150806862,-1.6482254282261295,-1.570822922526515,-2.1200379196242656
10.4,idle,,0.4200063572502842,-0.09999141809462234,0.4500008101535603,1.0710746000088742e-05,-3.690887247451128,-1.7611199980128456,1.8385554150806855,-1.648225428226129,-1.5708229225265147,-2.1200379196242656
10.5,idle,,0.4200063572502841,-0.09999141809462238,0.4500008101535602,1.0710746000014037e-05,-3.6908872474511285,-1.7611199980128456,1.838555415080686,-1.6482254282261288,-1.5708229225265147,-2.1200379196242665
10.6,idle,,0.4200063572502842,-0.09999141809462236,0.4500008101535602,1.0710746000058105e-05,-3.6908872474511285,-1.7611199980128456,1.8385554150806858,-1.648225428226129,-1.5708229225265147,-2.120037919624266
10.7,idle,,0.4200063572502841,-0.09999141809462223,0.4500008101535601,1.0710746000127954e-05,-3.690887247451128,-1.7611199980128456,1.8385554150806858,-1.6482254282261286,-1.5708229225265147,-2.1200379196242656
10.8,idle,,0.4200063572502841,-0.0999914180946223,0.4500008101535602,1.0710746000080754e-05,-3.6908872474511285,-1.7611199980128456,1.8385554150806858,-1.6482254282261286,-1.5708229225265145,-2.120037919624266
10.9,idle,,0.4200063572502842,-0.09999141809462218,0.4500008101535601,1.0710746000194262e-05,-3.690887247451128,-1.7611199980128456,1.8385554150806858,-1.6482254282261288,-1.5708229225265147,-2.120037919624266
11.0,idle,,0.4200063572502843,-0.09999141809462207,0.4500008101535602,1.071074600035751e-05,-3.6908872474511276,-1.7611199980128454,1.8385554150806855,-1.6482254282261288,-1.570822922526515,-2.120037919624265
